cluster_label,AI_Resistance_Score,AI_Proneness_Score,AI_Proneness_Normalized
Operational & Control Tasks,280.875725490196,62.37118360071321,1.0
"Management, Sales & Administrative Services",310.89052830188683,32.35638078902235,0.5187713126651706
Technical & Engineering Domains,330.6648351648352,12.582073926073974,0.20172895878682828
Healthcare & Patient Care Jobs,342.05991803278687,1.1869910581223166,0.019031081175582238
Education & Instructional Profiles,343.2469090909092,0.0,0.0
